"","age_bin","gam","glmnet","rf","svm"
"1",0,2.51277008453284,2.73530224386649,2.2967785249033,1.87429981532054
"2",10,2.06893699719855,3.17077300923561,3.47539464272856,2.34228779527965
"3",25,10.5140479730847,10.7713150891369,8.06122607006773,7.69070101890924
